Datetime,Water Level (m)
2025-03-27 00:00:00,-4.501
2025-03-27 01:00:00,-4.501
2025-03-27 02:00:00,-4.501
2025-03-27 03:00:00,-4.501
2025-03-27 04:00:00,-4.501
2025-03-27 05:00:00,-4.501
2025-03-27 06:00:00,-4.501
2025-03-27 07:00:00,-4.501
2025-03-27 08:00:00,-4.501
2025-03-27 09:00:00,-4.501
2025-03-27 10:00:00,-4.501
2025-03-27 11:00:00,-4.501
2025-03-27 12:00:00,0.12116811
2025-03-27 13:00:00,0.11780315
2025-03-27 14:00:00,0.115967415
2025-03-27 15:00:00,0.12198247
2025-03-27 16:00:00,0.13523313
2025-03-27 17:00:00,0.15315633
2025-03-27 18:00:00,0.16852687
2025-03-27 19:00:00,0.18670489
2025-03-27 20:00:00,0.19641775
2025-03-27 21:00:00,0.19877505
2025-03-27 22:00:00,0.19703066
2025-03-27 23:00:00,0.19474307
2025-03-28 00:00:00,0.19071677
2025-03-28 01:00:00,0.18625996
2025-03-28 02:00:00,0.18466192
2025-03-28 03:00:00,0.19356957
2025-03-28 04:00:00,0.20843431
2025-03-28 05:00:00,0.22677718
2025-03-28 06:00:00,0.24586245
2025-03-28 07:00:00,0.26287815
2025-03-28 08:00:00,0.27381274
2025-03-28 09:00:00,0.2793782
2025-03-28 10:00:00,0.28119892
2025-03-28 11:00:00,0.28018257
2025-03-28 12:00:00,0.2762415
2025-03-28 13:00:00,0.26955768
2025-03-28 14:00:00,0.26239136
2025-03-28 15:00:00,0.26443353
2025-03-28 16:00:00,0.28142446
2025-03-28 17:00:00,0.30010006
2025-03-28 18:00:00,0.31741884
2025-03-28 19:00:00,0.33403492
2025-03-28 20:00:00,0.34567243
2025-03-28 21:00:00,0.3497025
2025-03-28 22:00:00,0.34848568
2025-03-28 23:00:00,0.34417096
2025-03-29 00:00:00,0.337489
2025-03-29 01:00:00,0.3288983
2025-03-29 02:00:00,0.319046
2025-03-29 03:00:00,0.32077172
2025-03-29 04:00:00,0.3322662
2025-03-29 05:00:00,0.34744617
2025-03-29 06:00:00,0.365376
2025-03-29 07:00:00,0.3825532
2025-03-29 08:00:00,0.39486766
2025-03-29 09:00:00,0.4001633
2025-03-29 10:00:00,0.4005767
2025-03-29 11:00:00,0.3976856
2025-03-29 12:00:00,0.39191243
2025-03-29 13:00:00,0.3830776
2025-03-29 14:00:00,0.3727643
2025-03-29 15:00:00,0.36651704
2025-03-29 16:00:00,0.3777304
2025-03-29 17:00:00,0.39509103
2025-03-29 18:00:00,0.41251498
2025-03-29 19:00:00,0.43094185
2025-03-29 20:00:00,0.44657287
2025-03-29 21:00:00,0.45466918
2025-03-29 22:00:00,0.4557867
2025-03-29 23:00:00,0.45228624
2025-03-30 00:00:00,0.44590345
2025-03-30 01:00:00,0.43705368
2025-03-30 02:00:00,0.42661664
2025-03-30 03:00:00,0.41779867
2025-03-30 04:00:00,0.41979206
2025-03-30 05:00:00,0.43141854
2025-03-30 06:00:00,0.44773895
2025-03-30 07:00:00,0.46527722
2025-03-30 08:00:00,0.48013794
2025-03-30 09:00:00,0.48782876
2025-03-30 10:00:00,0.48845258
2025-03-30 11:00:00,0.4848869
2025-03-30 12:00:00,0.47867826
2025-03-30 13:00:00,0.46923283
2025-03-30 14:00:00,0.45857707
2025-03-30 15:00:00,0.45055926
2025-03-30 16:00:00,0.45050073
2025-03-30 17:00:00,0.4606675
2025-03-30 18:00:00,0.47680333
2025-03-30 19:00:00,0.49569505
2025-03-30 20:00:00,0.5135771
2025-03-30 21:00:00,0.52530414
2025-03-30 22:00:00,0.52873725
2025-03-30 23:00:00,0.5264483
2025-03-31 00:00:00,0.5205146
2025-03-31 01:00:00,0.5122617
2025-03-31 02:00:00,0.5023023
2025-03-31 03:00:00,0.49142432
2025-03-31 04:00:00,0.48261538
2025-03-31 05:00:00,0.488166
2025-03-31 06:00:00,0.5018712
2025-03-31 07:00:00,0.5191527
2025-03-31 08:00:00,0.53591496
2025-03-31 09:00:00,0.5465503
2025-03-31 10:00:00,0.548495
2025-03-31 11:00:00,0.544685
2025-03-31 12:00:00,0.53728795
2025-03-31 13:00:00,0.5262587
2025-03-31 14:00:00,0.51478267
2025-03-31 15:00:00,0.5064233
2025-03-31 16:00:00,0.4976835
2025-03-31 17:00:00,0.5007925
2025-03-31 18:00:00,0.51488346
2025-03-31 19:00:00,0.53359014
2025-03-31 20:00:00,0.55319726
2025-03-31 21:00:00,0.5694083
2025-03-31 22:00:00,0.57744104
2025-03-31 23:00:00,0.57748276
2025-04-01 00:00:00,0.572771
2025-04-01 01:00:00,0.5653943
2025-04-01 02:00:00,0.5563327
2025-04-01 03:00:00,0.54633653
2025-04-01 04:00:00,0.53453934
2025-04-01 05:00:00,0.5285419
2025-04-01 06:00:00,0.53818655
2025-04-01 07:00:00,0.5534886
2025-04-01 08:00:00,0.57082725
2025-04-01 09:00:00,0.58566743
2025-04-01 10:00:00,0.5922132
2025-04-01 11:00:00,0.59030086
2025-04-01 12:00:00,0.5834183
2025-04-01 13:00:00,0.57351464
2025-04-01 14:00:00,0.5655716
2025-04-01 15:00:00,0.55945325
2025-04-01 16:00:00,0.547921
2025-04-01 17:00:00,0.5386911
2025-04-01 18:00:00,0.54887503
2025-04-01 19:00:00,0.5647064
2025-04-01 20:00:00,0.58328694
2025-04-01 21:00:00,0.6009291
2025-04-01 22:00:00,0.6130229
2025-04-01 23:00:00,0.61622965
2025-04-02 00:00:00,0.6130629
